id_item,id_orden,id_producto,cantidad,subtotal_item
1,1,91,1,43.69
2,1,42,1,29.83
3,1,79,1,48.75
4,1,69,3,35.5
5,2,27,1,38.85
6,2,97,1,44.89
7,2,33,2,45.93
8,2,58,2,29.34
9,3,13,2,26.32
10,3,23,1,8.44
11,3,1,3,27.12
12,3,85,3,38.29
13,4,8,1,46.36
14,4,85,1,9.85
15,4,83,3,23.77
16,5,100,3,28.83
17,5,73,1,5.33
18,5,20,2,37.8
19,5,39,2,23.87
20,6,72,1,38.52
21,6,87,3,43.0
22,6,94,2,38.32
23,6,64,1,36.75
24,7,94,2,38.51
25,7,81,3,10.16
26,7,82,3,27.26
27,8,36,2,23.62
28,8,25,3,9.88
29,8,59,1,36.2
30,8,87,2,42.64
31,9,83,3,28.85
32,9,36,2,24.34
33,9,63,1,27.56
34,9,86,3,49.26
35,9,5,1,16.01
36,10,28,1,14.98
37,10,52,1,47.56
38,10,95,2,11.41
39,10,44,1,32.52
40,10,69,3,18.64
41,11,64,3,7.65
42,11,5,3,37.0
43,11,87,2,26.84
44,12,89,2,39.37
45,12,66,2,39.72
46,12,100,2,17.16
47,12,25,3,47.1
48,13,8,2,7.67
49,13,65,1,25.1
50,13,70,1,20.89
51,14,48,3,19.46
52,14,93,1,37.02
53,14,77,1,39.29
54,14,50,1,31.77
55,14,40,3,35.89
56,15,81,1,20.8
57,15,26,1,47.35
58,15,26,2,18.52
59,15,91,3,21.1
60,16,86,2,8.07
61,16,18,1,41.81
62,16,76,2,14.68
63,17,94,2,22.83
64,17,12,1,41.67
65,17,55,1,25.19
66,17,24,2,6.27
67,17,8,1,39.06
68,18,44,2,16.55
69,18,43,2,7.04
70,18,8,2,22.7
71,18,23,1,20.29
72,18,34,3,36.39
73,19,66,1,13.02
74,19,23,3,43.16
75,19,41,2,30.71
76,20,30,3,18.0
77,20,52,3,10.71
78,20,24,3,40.54
79,20,18,2,41.05
80,20,61,2,48.57
81,21,87,2,39.02
82,21,9,1,42.28
83,21,79,2,17.21
84,22,12,3,43.69
85,22,15,1,39.58
86,22,99,1,11.49
87,22,75,3,28.23
88,23,89,1,26.07
89,23,39,1,34.28
90,23,93,3,41.46
91,24,6,1,8.87
92,24,54,2,28.5
93,24,27,2,24.95
94,24,79,2,10.4
95,24,87,2,10.98
96,25,2,2,32.16
97,25,42,2,5.7
98,25,34,1,22.81
99,25,9,2,41.26
100,26,86,2,14.24
101,26,94,3,6.95
102,26,36,3,6.92
103,26,2,2,14.45
104,26,58,1,49.61
105,27,14,3,32.43
106,27,25,1,13.05
107,27,45,1,23.63
108,27,63,2,25.74
109,27,58,3,29.3
110,28,12,3,44.94
111,28,33,3,48.77
112,28,30,2,11.18
113,29,50,3,7.5
114,29,42,3,19.55
115,29,100,3,48.53
116,29,59,2,15.76
117,29,16,3,37.41
118,30,29,1,9.28
119,30,31,2,48.71
120,30,94,3,14.38
121,30,75,2,19.42
122,30,79,1,46.08
123,31,36,3,44.72
124,31,72,1,48.18
125,31,43,2,29.32
126,32,17,2,10.49
127,32,64,3,37.37
128,32,27,2,27.72
129,32,72,2,48.39
130,33,56,2,14.08
131,33,71,1,44.53
132,33,100,3,30.58
133,34,88,2,27.15
134,34,61,1,33.76
135,34,25,3,44.03
136,34,16,1,35.36
137,35,80,1,49.18
138,35,65,3,22.7
139,35,10,1,37.62
140,35,41,1,32.99
141,35,34,2,44.37
142,36,7,1,20.61
143,36,58,3,7.53
144,36,96,3,35.43
145,36,66,3,11.75
146,37,95,1,13.01
147,37,94,3,10.85
148,37,87,3,19.5
149,37,20,2,21.8
150,38,66,2,48.32
151,38,77,3,41.7
152,38,27,1,43.21
153,38,64,3,48.27
154,39,16,3,13.82
155,39,56,1,10.9
156,39,27,3,19.81
157,40,83,1,7.9
158,40,69,1,38.45
159,40,39,2,39.48
160,40,35,1,14.31
161,41,21,3,17.17
162,41,89,2,44.6
163,41,4,3,47.57
164,41,34,2,33.24
165,41,13,2,16.39
166,42,45,3,31.2
167,42,68,1,42.01
168,42,41,2,35.23
169,42,3,1,17.4
170,42,15,2,18.69
171,43,29,2,29.13
172,43,24,2,44.92
173,43,20,1,38.82
174,43,84,2,33.12
175,44,9,1,39.74
176,44,20,1,23.16
177,44,85,3,6.17
178,44,67,3,21.74
179,45,18,3,14.48
180,45,71,3,29.54
181,45,48,3,18.18
182,45,50,2,24.46
183,45,22,3,43.82
184,46,10,3,39.8
185,46,35,3,18.69
186,46,93,2,12.71
187,46,1,2,25.29
188,46,91,3,27.21
189,47,67,3,27.78
190,47,40,1,35.63
191,47,59,2,46.82
192,48,39,2,36.15
193,48,9,2,18.65
194,48,61,1,12.62
195,49,91,3,40.65
196,49,69,1,35.77
197,49,17,3,28.79
198,50,96,3,12.26
199,50,66,3,5.87
200,50,7,1,36.89
201,50,14,2,37.37
202,51,65,1,9.27
203,51,65,2,22.12
204,51,7,3,39.09
205,51,5,1,16.62
206,51,32,1,10.28
207,52,45,3,28.95
208,52,98,1,22.4
209,52,83,3,43.32
210,52,7,1,5.48
211,52,83,3,25.24
212,53,30,3,30.43
213,53,91,2,38.39
214,53,80,1,25.77
215,53,86,3,18.02
216,53,47,3,25.61
217,54,17,1,21.16
218,54,52,1,49.03
219,54,87,3,13.11
220,55,15,3,12.68
221,55,49,3,19.08
222,55,30,3,34.59
223,56,75,3,36.55
224,56,59,3,30.15
225,56,66,2,8.9
226,56,89,2,48.7
227,56,22,3,13.86
228,57,21,2,10.13
229,57,89,3,20.61
230,57,94,1,16.07
231,58,32,1,28.62
232,58,25,2,8.69
233,58,37,1,32.54
234,58,84,3,12.56
235,58,53,3,26.91
236,59,14,1,38.12
237,59,100,1,10.11
238,59,34,1,48.5
239,59,84,1,45.44
240,59,14,1,44.5
241,60,22,2,43.2
242,60,61,1,49.83
243,60,80,2,26.62
244,60,16,1,42.05
245,61,8,1,31.53
246,61,46,1,20.73
247,61,77,2,10.58
248,61,34,3,40.22
249,62,36,2,48.68
250,62,1,2,6.43
251,62,74,1,19.0
252,63,59,2,41.4
253,63,100,2,34.44
254,63,82,2,32.37
255,64,71,2,39.88
256,64,66,2,6.04
257,64,64,2,42.1
258,65,86,1,15.25
259,65,78,2,38.02
260,65,78,3,42.64
261,66,26,2,8.79
262,66,15,1,34.1
263,66,74,2,33.22
264,66,82,1,24.43
265,66,10,2,28.92
266,67,81,2,20.47
267,67,17,3,46.76
268,67,80,2,45.88
269,67,5,3,44.49
270,68,81,2,26.28
271,68,51,1,18.44
272,68,73,3,36.35
273,68,85,1,24.77
274,69,99,1,43.88
275,69,85,2,9.07
276,69,71,1,33.63
277,70,7,3,43.5
278,70,61,3,44.73
279,70,67,2,33.6
280,70,50,3,27.98
281,70,12,2,18.24
282,71,36,2,8.34
283,71,41,1,7.69
284,71,54,2,7.25
285,72,25,1,31.78
286,72,42,3,13.95
287,72,41,2,40.01
288,73,89,2,48.78
289,73,63,1,27.12
290,73,91,2,24.08
291,73,62,1,10.38
292,73,44,2,26.52
293,74,93,3,31.75
294,74,3,2,20.96
295,74,100,2,35.05
296,74,92,2,22.85
297,75,23,3,32.58
298,75,6,2,37.18
299,75,6,2,17.16
300,75,19,1,34.18
301,76,22,3,12.46
302,76,74,1,36.77
303,76,94,1,45.21
304,77,47,2,45.08
305,77,46,3,40.07
306,77,25,3,16.25
307,78,75,3,27.86
308,78,36,1,16.03
309,78,95,1,45.87
310,79,78,2,45.82
311,79,96,2,7.78
312,79,40,3,17.62
313,79,41,2,5.11
314,80,7,3,20.71
315,80,82,1,13.58
316,80,20,1,5.55
317,80,47,2,37.74
318,80,43,2,17.46
319,81,12,1,17.32
320,81,4,2,38.45
321,81,61,2,6.37
322,82,23,3,5.31
323,82,8,1,29.62
324,82,65,3,21.09
325,82,3,3,17.62
326,83,38,2,33.38
327,83,54,3,31.72
328,83,50,2,16.2
329,84,30,3,5.51
330,84,68,1,16.01
331,84,5,1,22.81
332,84,19,1,10.7
333,85,16,3,38.82
334,85,54,2,29.72
335,85,23,2,49.0
336,85,97,3,32.78
337,86,24,1,40.14
338,86,18,1,42.53
339,86,60,1,32.22
340,86,95,2,5.91
341,86,69,1,24.44
342,87,97,2,45.71
343,87,40,2,29.47
344,87,89,1,49.17
345,87,70,1,36.69
346,87,97,1,6.75
347,88,46,3,23.34
348,88,45,3,34.26
349,88,67,1,14.34
350,88,26,2,40.57
351,88,38,3,8.84
352,89,38,2,9.2
353,89,77,2,11.25
354,89,32,1,38.48
355,90,35,3,21.35
356,90,79,3,28.56
357,90,89,2,37.3
358,90,70,2,41.78
359,90,68,1,31.63
360,91,28,1,49.4
361,91,32,1,39.27
362,91,7,1,13.49
363,91,20,1,8.5
364,92,68,1,22.56
365,92,10,2,42.73
366,92,19,3,18.52
367,92,32,1,19.8
368,93,25,1,33.53
369,93,4,3,49.7
370,93,2,2,39.05
371,93,10,3,37.53
372,93,44,1,44.12
373,94,10,3,19.6
374,94,37,2,14.61
375,94,54,3,43.12
376,95,94,3,20.59
377,95,48,1,26.15
378,95,3,1,41.25
379,95,2,3,47.71
380,95,50,1,31.97
381,96,71,1,48.19
382,96,56,3,16.94
383,96,53,3,44.67
384,96,11,1,33.78
385,96,99,1,24.51
386,97,9,1,28.35
387,97,8,3,38.8
388,97,29,3,20.88
389,98,3,1,15.81
390,98,60,2,8.54
391,98,61,3,28.03
392,98,17,2,21.32
393,98,50,2,47.83
394,99,42,2,14.31
395,99,51,2,38.34
396,99,6,2,43.19
397,99,98,3,9.87
398,99,16,2,14.2
399,100,28,3,24.35
400,100,4,2,25.78
401,100,17,2,49.46
402,100,65,2,6.93
403,100,54,1,10.09
404,101,46,3,12.0
405,101,81,3,30.96
406,101,64,2,32.4
407,101,63,3,26.72
408,101,68,3,41.34
409,102,42,1,36.33
410,102,89,2,25.53
411,102,52,1,22.73
412,102,97,1,32.64
413,103,84,3,40.03
414,103,59,1,36.58
415,103,76,2,20.56
416,103,53,2,10.52
417,103,7,2,46.47
418,104,90,2,12.41
419,104,37,1,20.72
420,104,6,3,32.61
421,104,99,1,49.13
422,105,7,2,21.93
423,105,45,3,32.46
424,105,91,3,35.41
425,106,31,2,37.75
426,106,65,1,32.89
427,106,90,3,13.03
428,107,51,1,25.01
429,107,99,2,26.56
430,107,16,3,8.89
431,107,60,1,15.6
432,108,23,3,20.75
433,108,22,1,26.7
434,108,98,1,7.21
435,108,58,1,33.88
436,108,58,3,5.09
437,109,23,1,27.66
438,109,45,2,23.66
439,109,27,3,22.19
440,110,42,1,20.97
441,110,93,3,47.42
442,110,45,3,7.98
443,111,17,3,46.54
444,111,87,1,14.76
445,111,40,2,13.12
446,111,72,2,22.28
447,112,16,1,14.44
448,112,4,3,24.0
449,112,83,2,15.29
450,112,35,3,25.99
451,113,48,1,30.96
452,113,46,2,31.22
453,113,100,2,25.35
454,114,5,3,34.33
455,114,66,2,40.28
456,114,1,1,29.15
457,115,52,1,19.9
458,115,7,2,31.37
459,115,31,1,26.34
460,116,27,1,27.04
461,116,5,3,5.96
462,116,32,1,13.71
463,116,61,2,10.57
464,116,30,1,41.23
465,117,41,2,42.84
466,117,25,2,13.58
467,117,76,2,42.74
468,117,67,2,37.51
469,117,51,3,6.93
470,118,94,3,40.81
471,118,97,3,39.26
472,118,48,2,20.52
473,118,15,3,36.92
474,118,59,1,9.93
475,119,90,2,15.32
476,119,41,1,14.42
477,119,55,1,38.35
478,119,88,3,44.29
479,119,89,2,46.43
480,120,60,3,46.64
481,120,40,2,18.13
482,120,93,2,25.42
483,121,93,1,30.99
484,121,85,1,33.77
485,121,81,3,8.12
486,122,73,3,27.43
487,122,46,1,43.71
488,122,76,2,46.92
489,122,19,1,18.02
490,122,5,3,35.2
491,123,94,1,21.76
492,123,87,1,9.51
493,123,8,3,42.07
494,123,34,1,46.78
495,124,48,3,48.8
496,124,61,2,24.93
497,124,15,3,39.61
498,125,44,2,48.52
499,125,56,3,19.31
500,125,62,1,41.82
501,125,48,1,25.24
502,126,98,3,22.34
503,126,11,1,15.37
504,126,51,3,5.84
505,126,92,1,5.24
506,126,47,1,43.66
507,127,67,2,45.02
508,127,8,3,37.9
509,127,70,1,13.57
510,128,63,2,22.38
511,128,54,2,41.27
512,128,77,1,33.8
513,129,44,1,14.43
514,129,48,2,8.93
515,129,76,2,32.63
516,130,80,3,40.38
517,130,85,3,9.21
518,130,54,2,23.93
519,130,100,3,16.31
520,130,12,2,10.3
521,131,81,3,37.1
522,131,25,1,27.9
523,131,75,1,14.59
524,131,58,3,14.67
525,131,8,1,44.31
526,132,64,3,46.99
527,132,42,2,42.16
528,132,54,3,39.64
529,132,20,3,7.67
530,133,86,2,6.13
531,133,43,3,47.14
532,133,14,3,10.81
533,133,98,3,45.95
534,133,50,2,30.95
535,134,16,1,20.08
536,134,36,1,39.59
537,134,3,3,47.8
538,135,92,2,41.49
539,135,49,2,35.44
540,135,37,2,11.61
541,135,26,3,10.98
542,135,89,1,32.59
543,136,43,3,36.97
544,136,35,3,14.55
545,136,55,2,45.69
546,136,91,3,16.76
547,136,13,1,42.73
548,137,80,1,24.0
549,137,30,1,6.57
550,137,47,1,28.4
551,137,63,2,23.45
552,138,54,3,19.73
553,138,24,3,42.13
554,138,17,1,9.95
555,138,67,3,39.42
556,139,29,2,28.43
557,139,60,2,25.99
558,139,76,2,40.96
559,139,2,2,6.74
560,139,21,2,16.3
561,140,1,3,30.09
562,140,77,1,13.86
563,140,38,1,9.9
564,141,66,2,43.88
565,141,60,1,25.91
566,141,83,2,24.76
567,141,16,1,5.96
568,142,83,3,14.77
569,142,47,1,5.16
570,142,53,1,39.78
571,143,39,1,33.42
572,143,58,2,45.15
573,143,68,1,10.5
574,143,94,3,43.54
575,143,26,2,49.49
576,144,90,2,46.92
577,144,14,1,46.75
578,144,69,1,5.88
579,145,47,1,41.66
580,145,100,1,19.58
581,145,81,2,12.85
582,145,64,1,7.87
583,146,64,3,14.74
584,146,74,3,37.01
585,146,56,2,22.86
586,147,8,1,21.48
587,147,53,1,8.64
588,147,33,1,6.7
589,147,34,2,38.77
590,148,89,3,6.22
591,148,99,1,29.99
592,148,69,1,14.88
593,148,39,2,10.34
594,149,42,1,25.79
595,149,12,3,24.39
596,149,36,3,30.03
597,149,13,2,26.47
598,150,92,3,39.08
599,150,82,1,40.66
600,150,41,3,31.87
601,150,33,2,32.89
602,150,77,2,9.63
603,151,84,1,8.36
604,151,49,2,29.24
605,151,7,3,37.57
606,151,60,1,49.22
607,151,9,3,17.5
608,152,16,2,13.85
609,152,80,2,31.02
610,152,54,1,7.08
611,152,88,1,33.93
612,152,12,1,34.72
613,153,53,3,7.67
614,153,75,1,46.66
615,153,17,1,27.99
616,154,53,3,22.45
617,154,21,2,5.57
618,154,51,1,41.38
619,154,62,3,36.57
620,154,94,1,13.52
621,155,41,3,8.83
622,155,34,1,7.15
623,155,6,1,14.11
624,155,63,3,40.13
625,156,13,1,7.07
626,156,74,1,21.53
627,156,11,3,47.52
628,156,25,2,42.11
629,156,45,3,32.48
630,157,46,3,10.69
631,157,23,3,29.75
632,157,85,3,15.29
633,157,25,2,18.12
634,157,70,2,31.2
635,158,93,3,29.45
636,158,36,3,7.14
637,158,56,2,43.26
638,159,92,1,12.98
639,159,33,1,8.49
640,159,60,2,9.15
641,160,83,1,35.99
642,160,83,1,32.58
643,160,5,2,40.0
644,161,38,2,8.13
645,161,47,1,33.36
646,161,73,3,33.98
647,162,78,1,15.78
648,162,98,2,25.21
649,162,37,1,20.92
650,162,31,1,10.39
651,163,7,3,11.21
652,163,98,1,21.41
653,163,97,2,15.15
654,163,86,3,23.03
655,164,1,2,24.47
656,164,48,1,43.13
657,164,47,3,23.94
658,164,95,3,17.38
659,164,25,3,30.11
660,165,39,2,7.56
661,165,81,3,22.9
662,165,65,1,36.57
663,165,69,3,13.87
664,165,55,1,16.26
665,166,49,1,31.0
666,166,68,1,19.43
667,166,60,1,5.16
668,167,7,3,38.97
669,167,36,2,25.04
670,167,55,3,9.57
671,167,4,2,43.07
672,168,51,3,20.33
673,168,82,2,20.44
674,168,89,2,11.29
675,168,29,3,7.95
676,168,36,2,27.23
677,169,1,3,25.0
678,169,87,1,42.06
679,169,67,2,7.04
680,170,94,1,36.87
681,170,78,1,30.23
682,170,22,2,47.72
683,170,85,2,40.14
684,171,61,1,46.09
685,171,83,3,47.89
686,171,73,3,28.65
687,171,95,1,14.01
688,171,34,3,39.43
689,172,7,1,6.45
690,172,21,3,30.94
691,172,26,2,12.35
692,172,81,2,5.27
693,173,66,3,41.87
694,173,54,2,12.08
695,173,40,3,25.94
696,174,71,3,19.96
697,174,12,3,42.68
698,174,5,3,27.21
699,174,75,1,14.06
700,175,95,3,17.38
701,175,73,3,21.1
702,175,87,3,8.62
703,175,57,2,19.78
704,175,24,3,29.17
705,176,29,3,19.93
706,176,47,1,12.93
707,176,44,1,11.95
708,176,41,3,36.46
709,177,28,1,44.61
710,177,83,3,35.29
711,177,42,3,47.8
712,177,19,1,42.3
713,178,38,2,35.39
714,178,34,2,16.48
715,178,72,3,27.07
716,178,40,2,33.03
717,178,38,3,25.66
718,179,5,3,7.03
719,179,53,3,17.91
720,179,66,2,17.08
721,179,17,2,21.12
722,180,81,2,43.12
723,180,54,3,8.29
724,180,27,3,26.37
725,180,97,2,38.52
726,181,53,3,13.17
727,181,85,1,45.75
728,181,94,3,45.85
729,182,47,3,14.77
730,182,83,3,17.12
731,182,90,2,28.94
732,182,38,2,16.93
733,182,43,2,29.21
734,183,58,1,7.68
735,183,77,2,43.95
736,183,51,3,46.97
737,183,95,1,16.08
738,184,84,1,8.0
739,184,76,3,27.45
740,184,29,1,17.19
741,184,40,2,19.91
742,184,12,2,20.32
743,185,71,3,42.2
744,185,10,3,44.4
745,185,19,1,13.49
746,185,89,2,37.59
747,186,23,3,8.31
748,186,14,3,47.01
749,186,89,2,40.23
750,186,9,1,19.17
751,186,21,3,48.53
752,187,2,2,45.71
753,187,11,2,14.71
754,187,25,2,47.63
755,187,68,2,36.21
756,187,58,2,7.26
757,188,34,2,9.72
758,188,39,1,15.07
759,188,70,2,5.32
760,188,87,3,36.61
761,188,92,2,40.27
762,189,41,3,5.43
763,189,46,3,18.02
764,189,2,1,16.19
765,189,50,2,12.4
766,189,5,3,33.57
767,190,36,1,9.64
768,190,83,1,27.85
769,190,39,1,26.12
770,190,91,3,36.86
771,190,36,2,43.75
772,191,93,2,7.1
773,191,34,3,13.94
774,191,47,3,14.66
775,191,81,2,45.88
776,191,16,1,29.4
777,192,94,3,42.83
778,192,92,1,29.41
779,192,22,3,25.66
780,192,38,3,14.71
781,192,38,1,39.79
782,193,59,2,38.78
783,193,93,3,24.89
784,193,100,2,12.92
785,193,20,3,26.39
786,193,91,3,33.98
787,194,58,1,48.12
788,194,54,2,32.35
789,194,24,1,45.8
790,195,99,1,27.73
791,195,3,3,44.59
792,195,39,2,48.81
793,195,2,3,18.56
794,195,89,3,38.86
795,196,12,1,35.53
796,196,74,2,33.22
797,196,19,2,6.44
798,196,77,3,35.65
799,197,4,2,33.65
800,197,32,3,15.57
801,197,83,3,20.39
802,198,89,2,5.28
803,198,67,1,35.73
804,198,1,3,32.72
805,198,25,3,14.82
806,199,39,3,43.33
807,199,27,2,23.72
808,199,99,1,12.19
809,199,40,1,17.72
810,199,70,2,39.95
811,200,78,3,10.21
812,200,98,1,49.49
813,200,88,1,25.86
814,200,99,1,14.89
815,201,55,1,16.0
816,201,89,1,28.39
817,201,27,1,33.42
818,201,94,3,46.56
819,202,3,3,46.46
820,202,93,1,37.72
821,202,18,1,11.23
822,203,53,2,39.21
823,203,60,1,26.2
824,203,75,2,23.06
825,203,23,3,14.56
826,204,10,2,36.2
827,204,47,2,32.35
828,204,5,3,22.36
829,204,34,2,22.14
830,204,97,1,43.63
831,205,82,2,33.57
832,205,64,1,38.56
833,205,18,2,35.11
834,205,80,3,15.18
835,205,68,2,26.16
836,206,19,1,25.75
837,206,64,2,16.15
838,206,67,1,38.83
839,207,90,3,31.51
840,207,98,3,29.2
841,207,95,1,46.86
842,208,18,2,30.78
843,208,45,2,21.85
844,208,55,2,41.52
845,208,19,2,33.9
846,209,80,1,43.74
847,209,27,3,40.02
848,209,83,1,35.69
849,209,24,2,45.21
850,210,57,1,41.22
851,210,82,3,34.29
852,210,49,2,6.67
853,210,66,3,8.66
854,210,50,1,37.28
855,211,42,2,6.48
856,211,54,3,44.82
857,211,72,1,24.67
858,211,98,1,26.86
859,211,51,1,36.97
860,212,21,3,45.33
861,212,75,1,47.97
862,212,85,3,40.09
863,213,89,3,20.55
864,213,63,2,11.99
865,213,49,1,31.3
866,214,65,1,19.91
867,214,16,2,16.1
868,214,22,1,28.79
869,214,99,2,10.57
870,214,58,3,45.83
871,215,36,2,23.74
872,215,52,1,39.74
873,215,86,3,46.29
874,215,99,1,47.15
875,216,19,2,18.36
876,216,76,3,25.88
877,216,7,1,23.58
878,216,36,2,47.13
879,216,45,2,28.73
880,217,53,3,26.99
881,217,46,2,49.08
882,217,74,2,13.21
883,218,54,3,16.38
884,218,38,1,42.38
885,218,42,2,35.1
886,219,100,3,25.71
887,219,52,1,5.12
888,219,22,3,5.9
889,219,49,1,21.68
890,219,79,1,47.25
891,220,43,2,6.12
892,220,59,2,9.1
893,220,2,2,11.4
894,220,10,3,16.91
895,221,22,2,29.05
896,221,31,2,40.08
897,221,65,2,39.2
898,221,98,3,39.4
899,221,53,2,45.22
900,222,46,2,11.51
901,222,47,2,7.12
902,222,89,1,36.81
903,222,68,3,18.37
904,223,54,1,49.2
905,223,100,3,47.93
906,223,58,2,14.76
907,223,92,2,18.0
908,223,24,3,23.6
909,224,27,1,20.58
910,224,45,2,28.0
911,224,96,1,22.59
912,224,92,2,33.65
913,225,25,1,7.3
914,225,74,2,30.58
915,225,42,3,24.12
916,225,44,2,7.77
917,226,52,1,18.32
918,226,50,1,6.58
919,226,7,3,43.58
920,226,78,3,7.95
921,227,80,1,15.34
922,227,58,2,35.53
923,227,78,1,40.73
924,227,63,3,41.68
925,227,90,3,10.17
926,228,74,2,48.21
927,228,20,1,9.98
928,228,75,1,28.25
929,229,90,1,35.22
930,229,3,3,14.38
931,229,35,3,12.75
932,230,32,2,22.86
933,230,82,1,46.59
934,230,31,1,44.33
935,231,91,2,28.91
936,231,59,1,33.89
937,231,10,3,48.26
938,231,62,1,27.91
939,231,28,1,39.32
940,232,54,2,18.51
941,232,40,1,33.78
942,232,73,2,41.42
943,233,31,2,39.86
944,233,62,1,43.53
945,233,87,1,11.58
946,233,54,1,48.2
947,234,74,1,30.65
948,234,44,3,30.96
949,234,68,2,49.73
950,234,84,2,13.24
951,235,85,2,26.22
952,235,23,1,16.13
953,235,37,1,10.2
954,235,61,3,42.94
955,235,45,2,28.53
956,236,42,1,19.36
957,236,53,1,36.58
958,236,38,2,38.09
959,236,62,3,13.52
960,236,73,2,42.0
961,237,74,1,37.48
962,237,95,2,28.69
963,237,62,1,30.04
964,238,14,3,22.08
965,238,88,3,40.79
966,238,70,1,23.73
967,239,17,2,8.99
968,239,41,1,41.54
969,239,96,3,35.54
970,239,34,3,47.12
971,240,96,3,44.25
972,240,40,3,16.97
973,240,14,1,23.5
974,241,57,2,27.91
975,241,90,2,8.2
976,241,94,1,7.83
977,242,37,1,13.79
978,242,75,1,36.46
979,242,22,1,15.79
980,243,36,3,16.36
981,243,98,1,38.71
982,243,26,2,37.5
983,244,56,2,41.94
984,244,15,3,31.54
985,244,55,2,15.4
986,244,94,1,44.15
987,245,81,1,39.75
988,245,47,1,23.81
989,245,11,3,11.63
990,245,74,1,33.52
991,245,89,1,38.36
992,246,79,1,35.75
993,246,48,2,30.8
994,246,49,1,46.92
995,246,98,3,39.97
996,246,83,3,29.46
997,247,53,2,28.62
998,247,63,2,13.55
999,247,23,2,7.25
1000,247,36,2,38.55
1001,247,11,3,7.5
1002,248,39,2,11.42
1003,248,23,3,19.57
1004,248,42,2,24.1
1005,248,56,1,14.48
1006,248,80,1,27.87
1007,249,71,2,27.3
1008,249,30,2,25.36
1009,249,22,1,18.16
1010,250,22,1,23.81
1011,250,49,2,24.28
1012,250,61,2,9.31
1013,251,40,1,40.17
1014,251,41,3,47.02
1015,251,88,3,44.4
1016,252,77,2,10.61
1017,252,83,1,19.71
1018,252,13,3,20.41
1019,252,41,2,39.3
1020,253,90,2,21.88
1021,253,78,1,26.81
1022,253,66,1,15.16
1023,253,32,1,24.15
1024,254,23,3,31.6
1025,254,98,3,31.76
1026,254,28,2,14.41
1027,254,87,3,13.04
1028,254,44,3,14.38
1029,255,89,2,27.17
1030,255,81,1,49.05
1031,255,78,1,47.16
1032,256,96,1,29.81
1033,256,5,2,39.14
1034,256,53,3,19.29
1035,256,7,2,15.89
1036,257,14,1,8.72
1037,257,73,1,26.16
1038,257,78,1,48.31
1039,257,70,1,43.16
1040,257,5,3,20.79
1041,258,92,1,37.48
1042,258,53,3,40.16
1043,258,28,3,8.39
1044,258,10,1,46.38
1045,259,25,1,15.04
1046,259,30,3,47.68
1047,259,12,3,12.56
1048,259,7,1,22.59
1049,259,29,2,8.58
1050,260,23,1,28.98
1051,260,37,2,33.5
1052,260,10,2,13.05
1053,261,30,3,19.89
1054,261,51,2,18.5
1055,261,47,2,40.72
1056,262,100,3,38.4
1057,262,51,2,16.72
1058,262,30,1,8.59
1059,262,92,3,6.64
1060,263,4,2,38.93
1061,263,25,1,43.96
1062,263,79,1,12.41
1063,264,26,1,27.86
1064,264,28,3,32.58
1065,264,6,1,5.98
1066,264,91,3,7.06
1067,264,47,2,32.66
1068,265,25,1,22.66
1069,265,28,3,25.4
1070,265,51,3,25.32
1071,265,72,1,40.33
1072,266,26,1,45.97
1073,266,65,1,34.58
1074,266,52,1,34.4
1075,267,60,3,18.39
1076,267,13,3,15.33
1077,267,56,2,28.48
1078,267,95,1,37.7
1079,268,67,1,26.33
1080,268,88,1,5.56
1081,268,56,3,36.37
1082,269,53,2,12.25
1083,269,8,1,43.29
1084,269,10,3,38.03
1085,269,68,1,31.95
1086,269,35,2,47.3
1087,270,95,2,43.59
1088,270,4,3,48.36
1089,270,42,3,25.09
1090,270,3,3,22.97
1091,270,84,1,31.11
1092,271,90,3,21.87
1093,271,95,2,44.89
1094,271,69,3,37.54
1095,272,66,3,5.84
1096,272,67,2,30.73
1097,272,8,1,47.18
1098,272,7,1,44.15
1099,273,36,3,34.99
1100,273,46,2,14.38
1101,273,91,1,38.9
1102,274,51,3,27.98
1103,274,10,1,44.99
1104,274,71,3,19.53
1105,274,52,3,16.36
1106,274,6,1,23.55
1107,275,36,1,33.47
1108,275,89,3,29.73
1109,275,44,1,16.2
1110,276,21,3,44.56
1111,276,60,2,12.37
1112,276,40,3,40.27
1113,276,44,3,49.5
1114,276,52,2,15.65
1115,277,61,3,43.8
1116,277,14,2,30.91
1117,277,92,3,10.11
1118,278,10,1,11.29
1119,278,64,3,10.64
1120,278,25,3,27.89
1121,279,6,1,27.59
1122,279,20,2,39.52
1123,279,94,1,22.94
1124,279,58,1,32.95
1125,280,92,2,37.25
1126,280,83,2,20.35
1127,280,37,2,25.81
1128,281,57,3,49.37
1129,281,28,1,13.62
1130,281,74,1,15.05
1131,281,59,1,33.6
1132,281,16,3,26.73
1133,282,25,3,24.62
1134,282,34,2,37.05
1135,282,60,3,12.81
1136,282,52,3,14.62
1137,283,5,1,29.51
1138,283,65,2,15.47
1139,283,59,2,11.22
1140,283,97,3,46.3
1141,284,73,1,12.99
1142,284,85,1,45.15
1143,284,88,3,29.56
1144,285,49,2,17.33
1145,285,50,2,45.5
1146,285,2,2,22.83
1147,285,1,3,16.45
1148,285,5,1,38.15
1149,286,67,1,8.45
1150,286,74,1,20.41
1151,286,23,3,47.32
1152,287,83,3,5.15
1153,287,46,2,35.76
1154,287,50,1,23.76
1155,287,19,2,40.13
1156,288,33,2,23.0
1157,288,27,2,13.46
1158,288,34,1,47.45
1159,288,27,3,19.72
1160,288,11,1,36.4
1161,289,72,1,9.6
1162,289,10,2,15.31
1163,289,94,3,11.87
1164,289,77,1,20.81
1165,290,41,3,13.63
1166,290,96,2,34.76
1167,290,12,2,48.01
1168,291,93,1,36.48
1169,291,53,1,11.29
1170,291,99,1,46.46
1171,292,59,1,28.54
1172,292,33,1,41.45
1173,292,75,1,6.16
1174,292,91,1,34.08
1175,293,12,2,44.79
1176,293,8,3,41.72
1177,293,89,1,47.54
1178,293,50,2,29.77
1179,294,12,2,44.71
1180,294,33,3,20.72
1181,294,93,3,25.35
1182,294,92,2,30.33
1183,294,36,3,17.45
1184,295,56,2,11.96
1185,295,65,3,8.93
1186,295,92,1,28.54
1187,295,86,3,45.14
1188,296,88,2,16.87
1189,296,39,1,21.19
1190,296,10,3,39.99
1191,296,49,3,47.14
1192,297,65,1,9.97
1193,297,72,1,7.22
1194,297,33,1,30.14
1195,298,64,2,21.75
1196,298,45,3,39.46
1197,298,61,2,37.04
1198,299,94,1,43.26
1199,299,90,1,22.47
1200,299,59,1,39.65
1201,299,82,2,22.0
1202,300,86,1,5.13
1203,300,93,3,32.46
1204,300,90,1,36.84
1205,300,44,2,16.17
1206,301,53,1,6.24
1207,301,29,2,24.01
1208,301,87,3,31.56
1209,301,62,1,30.46
1210,302,53,1,13.24
1211,302,97,1,20.86
1212,302,2,2,14.86
1213,303,89,3,26.57
1214,303,68,3,37.55
1215,303,61,1,47.32
1216,303,48,3,18.32
1217,304,92,2,12.51
1218,304,48,1,37.32
1219,304,77,3,7.82
1220,305,39,3,24.12
1221,305,84,3,26.95
1222,305,13,2,46.4
1223,305,57,3,44.97
1224,306,24,3,5.36
1225,306,28,1,26.9
1226,306,77,1,15.26
1227,306,59,1,18.05
1228,306,35,2,23.72
1229,307,24,1,7.74
1230,307,49,1,32.65
1231,307,31,3,17.76
1232,308,83,2,42.83
1233,308,36,3,41.29
1234,308,5,2,40.71
1235,309,21,2,39.29
1236,309,52,2,10.13
1237,309,99,2,44.12
1238,310,90,3,47.51
1239,310,1,2,10.77
1240,310,16,1,41.52
1241,311,52,2,42.88
1242,311,29,3,23.81
1243,311,73,1,49.2
1244,311,40,2,5.58
1245,311,91,1,40.63
1246,312,48,1,26.64
1247,312,7,1,18.12
1248,312,88,1,12.62
1249,312,8,2,41.58
1250,312,68,2,39.97
1251,313,57,3,49.26
1252,313,32,1,35.34
1253,313,3,2,49.26
1254,313,87,2,42.35
1255,314,62,3,8.7
1256,314,8,1,6.05
1257,314,72,3,17.35
1258,314,99,2,10.83
1259,315,88,2,15.07
1260,315,9,2,48.47
1261,315,88,3,46.63
1262,315,66,2,41.92
1263,315,79,2,6.73
1264,316,30,2,34.29
1265,316,58,3,32.17
1266,316,29,3,24.53
1267,316,5,2,14.35
1268,317,73,3,21.16
1269,317,33,1,46.15
1270,317,52,3,49.85
1271,317,89,2,30.64
1272,318,38,1,36.89
1273,318,10,1,9.85
1274,318,15,3,10.59
1275,319,64,1,35.58
1276,319,83,3,26.37
1277,319,71,3,34.46
1278,319,7,1,42.39
1279,319,59,1,39.68
1280,320,67,2,6.03
1281,320,50,3,35.55
1282,320,52,3,24.49
1283,320,74,3,6.96
1284,321,75,3,31.39
1285,321,15,3,25.77
1286,321,49,1,49.87
1287,322,22,1,40.92
1288,322,28,3,42.91
1289,322,49,2,25.37
1290,322,29,3,12.75
1291,323,19,2,42.07
1292,323,53,2,5.53
1293,323,46,3,16.24
1294,324,47,3,44.2
1295,324,95,1,19.75
1296,324,71,1,39.47
1297,324,89,2,41.34
1298,325,19,2,14.44
1299,325,54,3,7.02
1300,325,42,1,38.63
1301,325,94,3,40.0
1302,325,94,3,47.71
1303,326,44,2,35.65
1304,326,88,3,29.1
1305,326,86,2,7.97
1306,326,70,2,39.08
1307,326,8,1,6.73
1308,327,12,1,12.89
1309,327,26,2,10.26
1310,327,43,2,14.18
1311,328,79,2,34.03
1312,328,72,3,24.84
1313,328,79,1,34.32
1314,328,61,2,9.18
1315,329,83,1,20.62
1316,329,1,2,32.36
1317,329,97,3,31.15
1318,329,73,3,18.75
1319,329,79,2,29.02
1320,330,50,1,46.32
1321,330,72,1,20.11
1322,330,6,3,10.52
1323,330,74,3,22.19
1324,331,79,2,32.98
1325,331,79,1,26.33
1326,331,97,2,25.95
1327,331,11,3,13.67
1328,332,11,1,26.5
1329,332,22,1,8.39
1330,332,38,3,15.94
1331,333,59,1,11.93
1332,333,63,2,39.68
1333,333,96,3,19.32
1334,333,70,1,30.5
1335,334,9,3,40.14
1336,334,14,3,23.41
1337,334,74,2,38.04
1338,334,98,3,42.12
1339,334,40,3,19.76
1340,335,75,1,13.56
1341,335,21,1,42.08
1342,335,57,3,38.25
1343,335,70,1,45.15
1344,336,16,3,25.08
1345,336,29,1,20.21
1346,336,83,1,10.53
1347,336,22,2,33.78
1348,336,6,3,5.8
1349,337,86,2,38.62
1350,337,55,2,16.89
1351,337,96,2,34.6
1352,337,28,2,37.45
1353,338,51,1,40.95
1354,338,6,2,28.59
1355,338,23,3,25.93
1356,338,26,3,12.04
1357,338,96,1,47.7
1358,339,39,3,6.51
1359,339,75,2,27.48
1360,339,39,3,34.13
1361,339,66,1,28.26
1362,340,7,1,15.84
1363,340,85,3,30.82
1364,340,71,3,6.58
1365,341,17,3,33.77
1366,341,42,3,28.33
1367,341,18,3,43.42
1368,342,93,2,7.32
1369,342,83,2,30.33
1370,342,74,1,40.38
1371,342,2,3,31.53
1372,343,65,1,15.81
1373,343,2,3,12.88
1374,343,52,2,43.49
1375,343,35,2,32.47
1376,343,65,3,45.65
1377,344,92,3,13.86
1378,344,90,1,18.86
1379,344,37,2,39.4
1380,345,45,1,6.9
1381,345,42,2,10.15
1382,345,57,1,34.39
1383,345,25,1,22.66
1384,346,87,3,42.01
1385,346,2,1,33.26
1386,346,98,2,26.54
1387,346,85,3,22.86
1388,346,21,1,43.55
1389,347,47,2,19.14
1390,347,44,2,46.9
1391,347,85,2,39.79
1392,348,33,2,36.19
1393,348,51,2,40.23
1394,348,34,1,39.01
1395,348,24,2,8.17
1396,348,53,2,14.84
1397,349,49,2,28.59
1398,349,38,2,26.71
1399,349,88,1,33.63
1400,349,32,2,12.65
1401,349,24,1,16.16
1402,350,30,3,41.69
1403,350,89,2,28.24
1404,350,34,1,29.71
1405,351,92,2,6.22
1406,351,83,1,9.97
1407,351,51,1,44.26
1408,351,46,2,33.17
1409,352,59,3,35.24
1410,352,89,2,26.42
1411,352,14,2,11.59
1412,352,86,3,22.99
1413,353,17,2,45.29
1414,353,15,2,48.69
1415,353,54,1,41.29
1416,353,89,3,26.76
1417,354,77,2,20.8
1418,354,1,2,29.09
1419,354,49,3,18.34
1420,354,9,1,16.77
1421,355,16,3,45.46
1422,355,77,1,35.04
1423,355,61,2,22.57
1424,355,29,1,19.9
1425,355,60,1,24.4
1426,356,81,3,11.8
1427,356,95,3,13.74
1428,356,10,3,40.71
1429,356,22,3,14.3
1430,356,87,2,16.24
1431,357,1,2,8.01
1432,357,31,2,5.28
1433,357,63,2,33.09
1434,357,68,3,28.67
1435,358,91,2,23.57
1436,358,82,2,22.6
1437,358,53,2,36.03
1438,358,49,1,20.09
1439,358,78,3,9.4
1440,359,87,3,28.89
1441,359,5,1,40.25
1442,359,58,3,26.1
1443,359,48,3,40.8
1444,359,92,2,7.12
1445,360,25,1,27.48
1446,360,27,3,38.96
1447,360,19,3,48.0
1448,360,86,2,48.41
1449,361,39,2,6.64
1450,361,38,2,18.32
1451,361,34,2,41.65
1452,362,85,1,12.37
1453,362,51,1,21.7
1454,362,51,3,28.3
1455,362,74,3,35.14
1456,362,58,1,44.93
1457,363,69,3,44.06
1458,363,26,3,28.23
1459,363,44,2,47.14
1460,363,16,1,8.44
1461,364,43,2,22.45
1462,364,89,3,39.08
1463,364,80,2,27.64
1464,364,44,1,9.97
1465,365,88,3,43.16
1466,365,5,1,14.45
1467,365,61,3,17.63
1468,366,34,1,33.63
1469,366,89,3,38.01
1470,366,48,3,12.63
1471,366,49,2,15.04
1472,366,65,1,10.31
1473,367,77,1,23.48
1474,367,90,1,11.73
1475,367,53,2,49.84
1476,367,27,2,35.55
1477,368,98,1,12.13
1478,368,69,3,22.71
1479,368,30,1,8.76
1480,368,86,2,37.49
1481,368,38,1,9.35
1482,369,88,2,18.52
1483,369,87,1,16.67
1484,369,46,3,26.2
1485,369,17,3,36.94
1486,370,84,1,47.15
1487,370,42,2,18.85
1488,370,82,1,15.76
1489,371,49,2,5.6
1490,371,82,1,27.96
1491,371,27,1,46.36
1492,371,30,3,10.72
1493,372,32,1,25.16
1494,372,6,1,48.82
1495,372,31,2,39.49
1496,373,26,1,27.06
1497,373,69,1,29.17
1498,373,15,1,48.61
1499,373,93,2,45.33
1500,374,92,2,14.94
1501,374,87,2,26.34
1502,374,81,2,45.45
1503,374,97,1,7.66
1504,374,92,3,47.49
1505,375,29,1,6.89
1506,375,52,1,37.85
1507,375,78,1,5.01
1508,376,76,1,43.47
1509,376,97,1,46.63
1510,376,48,2,19.29
1511,376,59,1,30.06
1512,377,68,2,30.58
1513,377,6,2,11.96
1514,377,25,2,27.62
1515,377,70,2,45.76
1516,378,27,3,42.69
1517,378,97,1,36.5
1518,378,57,2,41.83
1519,378,43,1,41.71
1520,378,71,1,42.4
1521,379,95,1,41.35
1522,379,50,1,14.76
1523,379,32,1,6.51
1524,379,71,3,14.01
1525,380,19,3,6.01
1526,380,65,3,45.11
1527,380,59,3,38.76
1528,380,32,1,44.75
1529,380,9,3,15.3
1530,381,24,3,30.49
1531,381,47,3,10.46
1532,381,27,3,24.76
1533,381,37,2,23.32
1534,381,58,1,29.7
1535,382,91,2,23.3
1536,382,98,2,20.12
1537,382,59,2,10.34
1538,382,1,1,7.82
1539,382,89,3,8.37
1540,383,39,1,46.15
1541,383,72,1,16.92
1542,383,23,2,48.99
1543,383,1,3,11.45
1544,384,65,1,14.67
1545,384,78,2,48.74
1546,384,96,2,14.6
1547,384,50,3,41.81
1548,384,54,1,23.82
1549,385,89,2,5.67
1550,385,95,1,26.01
1551,385,94,2,28.01
1552,385,15,3,47.34
1553,385,41,2,24.99
1554,386,23,2,30.24
1555,386,86,2,18.24
1556,386,62,3,38.8
1557,386,10,1,23.94
1558,386,70,3,29.83
1559,387,73,2,23.28
1560,387,23,3,33.18
1561,387,82,3,25.55
1562,387,74,1,38.33
1563,387,51,2,17.46
1564,388,86,3,45.96
1565,388,76,1,16.63
1566,388,43,3,6.14
1567,389,81,2,24.37
1568,389,50,2,28.85
1569,389,1,1,28.48
1570,389,98,2,10.86
1571,389,69,3,29.36
1572,390,20,1,47.27
1573,390,56,1,33.01
1574,390,60,2,25.7
1575,390,100,1,24.67
1576,390,19,1,37.57
1577,391,50,3,33.66
1578,391,58,2,12.64
1579,391,1,2,6.09
1580,391,10,3,28.09
1581,391,19,3,11.55
1582,392,38,1,27.63
1583,392,38,3,13.86
1584,392,43,3,42.51
1585,392,14,1,14.47
1586,393,39,2,22.66
1587,393,80,2,8.61
1588,393,12,1,18.14
1589,393,75,3,38.82
1590,393,33,3,42.49
1591,394,74,1,44.28
1592,394,70,3,23.01
1593,394,2,2,40.37
1594,395,38,3,21.07
1595,395,75,1,27.2
1596,395,53,3,33.87
1597,395,96,3,36.94
1598,395,84,1,36.75
1599,396,81,1,30.65
1600,396,12,2,19.52
1601,396,2,1,11.64
1602,396,74,2,27.14
1603,396,37,3,31.58
1604,397,64,3,10.02
1605,397,95,1,46.88
1606,397,84,2,16.99
1607,397,59,2,10.45
1608,397,91,1,17.37
1609,398,28,1,13.85
1610,398,98,1,30.92
1611,398,45,2,42.12
1612,398,38,2,20.57
1613,398,76,1,19.25
1614,399,41,1,36.46
1615,399,59,3,14.79
1616,399,58,1,36.78
1617,400,72,3,15.21
1618,400,75,2,41.16
1619,400,100,1,35.76
1620,400,22,1,27.65
1621,400,75,1,28.65
1622,401,33,2,27.3
1623,401,52,2,28.59
1624,401,60,3,21.18
1625,402,94,2,19.14
1626,402,28,2,10.58
1627,402,35,2,41.48
1628,403,98,2,49.68
1629,403,12,3,8.65
1630,403,92,2,31.18
1631,404,82,3,29.18
1632,404,46,1,32.58
1633,404,48,1,28.68
1634,405,46,1,42.44
1635,405,84,2,5.85
1636,405,72,1,46.95
1637,405,14,3,32.44
1638,406,42,1,40.23
1639,406,30,1,41.79
1640,406,91,2,11.85
1641,406,9,2,31.41
1642,406,29,1,23.22
1643,407,6,3,13.25
1644,407,75,1,26.66
1645,407,94,2,18.5
1646,407,15,1,16.58
1647,408,4,2,9.9
1648,408,37,2,27.0
1649,408,37,1,45.53
1650,409,18,2,20.81
1651,409,47,3,47.47
1652,409,48,2,17.05
1653,409,45,2,18.19
1654,409,20,1,6.94
1655,410,15,1,26.57
1656,410,3,3,31.07
1657,410,64,3,9.11
1658,410,70,2,35.72
1659,411,100,1,23.3
1660,411,96,1,36.12
1661,411,23,3,27.31
1662,411,3,1,46.47
1663,411,2,1,46.4
1664,412,51,3,5.22
1665,412,59,2,28.25
1666,412,43,3,34.78
1667,413,27,1,12.04
1668,413,7,1,42.81
1669,413,90,3,39.22
1670,413,10,3,7.56
1671,414,37,1,5.43
1672,414,4,2,42.9
1673,414,3,2,44.09
1674,415,8,3,29.15
1675,415,58,1,36.76
1676,415,25,2,38.17
1677,415,33,3,6.07
1678,416,80,1,44.08
1679,416,69,3,16.04
1680,416,63,1,14.61
1681,416,52,3,13.56
1682,417,93,3,20.78
1683,417,86,1,43.32
1684,417,5,2,38.65
1685,417,8,3,42.32
1686,418,41,2,19.54
1687,418,51,2,37.53
1688,418,62,3,41.09
1689,418,56,1,44.56
1690,419,55,3,24.15
1691,419,72,2,8.54
1692,419,58,3,44.53
1693,419,23,1,18.07
1694,420,51,1,29.55
1695,420,74,1,49.66
1696,420,67,2,9.21
1697,421,14,2,37.21
1698,421,99,3,26.66
1699,421,48,1,6.95
1700,422,15,2,45.09
1701,422,59,3,21.39
1702,422,1,2,17.54
1703,423,12,3,20.76
1704,423,93,3,42.08
1705,423,81,2,43.65
1706,423,35,3,13.22
1707,424,30,3,5.26
1708,424,23,3,38.12
1709,424,57,2,41.11
1710,424,22,2,8.96
1711,424,44,1,44.96
1712,425,96,2,7.47
1713,425,50,1,6.07
1714,425,75,2,49.23
1715,425,93,2,31.11
1716,425,2,1,46.56
1717,426,59,3,21.25
1718,426,5,2,20.52
1719,426,21,3,42.0
1720,427,81,1,24.41
1721,427,100,2,15.5
1722,427,86,1,45.99
1723,428,1,2,29.45
1724,428,76,3,44.94
1725,428,17,3,29.4
1726,429,43,2,41.34
1727,429,1,2,36.87
1728,429,98,3,37.5
1729,429,99,1,28.83
1730,430,95,1,9.7
1731,430,97,1,49.14
1732,430,39,1,32.82
1733,431,95,2,23.9
1734,431,51,3,37.84
1735,431,13,1,21.19
1736,431,92,1,46.3
1737,431,98,2,39.62
1738,432,89,1,44.53
1739,432,46,3,6.51
1740,432,80,3,41.47
1741,433,84,2,47.14
1742,433,10,1,36.82
1743,433,68,2,44.97
1744,434,51,3,22.07
1745,434,9,1,9.79
1746,434,25,3,29.14
1747,434,5,2,43.29
1748,434,28,3,6.89
1749,435,52,2,46.81
1750,435,13,1,7.87
1751,435,81,1,15.63
1752,436,77,1,23.47
1753,436,99,2,10.25
1754,436,7,3,31.65
1755,436,59,3,19.96
1756,436,28,1,34.39
1757,437,55,2,46.03
1758,437,31,3,12.4
1759,437,44,1,46.79
1760,438,87,3,7.1
1761,438,82,2,5.88
1762,438,71,1,18.12
1763,438,67,1,9.56
1764,439,11,3,34.92
1765,439,92,3,16.22
1766,439,26,2,29.26
1767,439,95,1,23.21
1768,439,61,1,22.44
1769,440,81,1,28.74
1770,440,58,3,23.46
1771,440,17,1,34.71
1772,440,78,3,20.29
1773,441,28,2,40.15
1774,441,80,2,8.4
1775,441,3,2,27.7
1776,442,46,3,28.73
1777,442,44,2,10.67
1778,442,96,2,17.81
1779,442,78,1,17.18
1780,443,64,1,25.48
1781,443,89,3,5.4
1782,443,89,1,6.16
1783,444,39,3,43.77
1784,444,47,2,41.73
1785,444,5,1,24.85
1786,444,6,3,29.94
1787,445,77,2,27.35
1788,445,32,1,11.36
1789,445,22,3,18.83
1790,446,76,1,39.23
1791,446,38,2,39.31
1792,446,91,3,18.77
1793,446,19,1,28.86
1794,447,11,1,18.71
1795,447,17,2,22.55
1796,447,62,2,42.45
1797,447,57,3,26.41
1798,448,70,2,28.58
1799,448,16,2,47.0
1800,448,67,3,21.4
1801,449,87,3,20.69
1802,449,46,1,46.14
1803,449,50,3,42.76
1804,449,85,2,18.32
1805,450,52,1,36.64
1806,450,58,2,17.35
1807,450,58,2,31.8
1808,450,92,1,33.29
1809,450,94,1,32.05
1810,451,93,3,7.72
1811,451,8,2,20.55
1812,451,49,3,47.08
1813,451,82,1,27.04
1814,452,43,3,24.0
1815,452,83,1,16.59
1816,452,27,2,32.57
1817,452,76,3,41.47
1818,453,99,2,44.99
1819,453,80,2,23.01
1820,453,37,1,7.81
1821,454,56,2,28.55
1822,454,62,1,15.67
1823,454,1,3,17.98
1824,454,2,3,17.5
1825,454,27,2,47.86
1826,455,5,1,22.27
1827,455,87,2,45.16
1828,455,58,1,22.09
1829,455,43,2,48.7
1830,455,12,2,33.15
1831,456,79,2,34.17
1832,456,98,3,8.09
1833,456,9,2,23.79
1834,456,97,3,8.32
1835,457,76,2,49.1
1836,457,33,3,26.25
1837,457,91,1,5.47
1838,458,22,2,25.39
1839,458,12,3,40.34
1840,458,59,2,14.39
1841,458,40,3,11.42
1842,459,93,3,42.75
1843,459,27,3,44.07
1844,459,84,3,49.87
1845,460,53,1,21.41
1846,460,7,1,35.15
1847,460,51,3,22.4
1848,460,85,2,8.92
1849,461,62,2,8.27
1850,461,32,2,13.28
1851,461,78,1,34.8
1852,462,32,1,41.77
1853,462,59,1,13.21
1854,462,87,1,37.61
1855,462,26,1,37.06
1856,462,60,2,35.92
1857,463,4,2,25.8
1858,463,27,3,12.68
1859,463,19,2,32.71
1860,464,74,2,7.48
1861,464,95,1,5.27
1862,464,72,3,35.63
1863,465,96,3,26.31
1864,465,42,2,46.69
1865,465,27,1,19.65
1866,465,56,2,23.23
1867,466,47,2,29.32
1868,466,90,3,27.39
1869,466,53,1,25.17
1870,466,16,2,48.91
1871,467,36,2,9.77
1872,467,17,1,12.08
1873,467,13,3,43.06
1874,467,9,3,38.22
1875,468,1,3,12.9
1876,468,16,1,35.14
1877,468,82,3,10.06
1878,468,71,3,37.31
1879,469,25,1,16.37
1880,469,48,1,9.21
1881,469,7,3,30.67
1882,469,80,1,12.39
1883,470,12,1,35.89
1884,470,14,2,5.5
1885,470,85,3,33.95
1886,471,58,2,17.11
1887,471,9,2,35.71
1888,471,65,2,41.76
1889,471,44,3,34.85
1890,471,26,2,31.99
1891,472,34,1,36.64
1892,472,75,2,24.94
1893,472,85,1,23.6
1894,473,65,3,39.23
1895,473,29,3,48.78
1896,473,39,2,10.11
1897,474,11,1,26.67
1898,474,59,2,46.14
1899,474,87,3,16.23
1900,474,22,2,9.68
1901,474,16,2,10.38
1902,475,69,1,36.43
1903,475,64,1,17.69
1904,475,3,1,23.98
1905,475,52,1,8.71
1906,476,12,2,6.31
1907,476,28,2,45.4
1908,476,34,3,5.37
1909,476,84,3,20.97
1910,476,3,1,23.56
1911,477,25,2,47.0
1912,477,15,1,30.21
1913,477,28,2,48.73
1914,478,42,1,33.66
1915,478,99,3,28.87
1916,478,47,2,40.05
1917,478,89,1,10.46
1918,478,61,2,13.94
1919,479,30,1,15.27
1920,479,93,2,43.92
1921,479,20,3,14.36
1922,479,79,3,44.81
1923,479,99,2,40.2
1924,480,56,3,18.37
1925,480,84,1,5.77
1926,480,48,1,16.46
1927,480,43,2,10.03
1928,480,98,2,46.06
1929,481,50,3,21.77
1930,481,77,3,28.1
1931,481,64,1,13.75
1932,481,24,3,29.15
1933,482,82,2,31.93
1934,482,49,1,31.87
1935,482,80,1,18.42
1936,483,66,2,8.08
1937,483,36,1,9.75
1938,483,17,3,7.07
1939,484,46,1,37.39
1940,484,9,2,34.71
1941,484,20,3,40.22
1942,484,48,2,6.03
1943,484,54,2,46.84
1944,485,18,3,22.37
1945,485,57,1,25.68
1946,485,71,2,41.22
1947,486,46,1,14.09
1948,486,16,2,5.14
1949,486,82,3,16.8
1950,487,73,3,40.04
1951,487,78,3,13.54
1952,487,59,3,25.13
1953,488,64,3,17.46
1954,488,50,3,24.36
1955,488,52,2,14.17
1956,488,44,2,41.0
1957,488,39,1,48.74
1958,489,4,2,17.15
1959,489,84,2,20.17
1960,489,13,2,30.42
1961,489,63,1,10.11
1962,489,10,1,21.26
1963,490,51,3,48.55
1964,490,93,1,35.82
1965,490,22,3,9.33
1966,490,38,3,45.96
1967,491,32,2,34.44
1968,491,60,1,29.18
1969,491,37,3,48.5
1970,491,21,2,13.98
1971,491,39,1,29.97
1972,492,3,3,5.15
1973,492,33,1,10.34
1974,492,66,1,48.08
1975,492,44,2,17.72
1976,492,84,2,14.78
1977,493,28,2,43.72
1978,493,55,1,7.82
1979,493,31,1,39.38
1980,494,36,2,38.03
1981,494,38,1,29.48
1982,494,72,3,8.99
1983,495,2,1,29.7
1984,495,53,1,19.17
1985,495,11,2,49.26
1986,495,5,3,7.4
1987,495,7,1,20.82
1988,496,22,1,14.48
1989,496,88,1,36.69
1990,496,40,3,21.69
1991,496,2,1,48.04
1992,496,8,1,19.07
1993,497,29,3,34.54
1994,497,72,2,23.93
1995,497,67,2,9.58
1996,497,37,2,30.56
1997,498,22,1,29.72
1998,498,82,1,27.02
1999,498,2,3,38.84
2000,499,71,3,24.92
2001,499,50,3,25.04
2002,499,13,1,31.52
2003,500,86,2,22.82
2004,500,85,1,42.4
2005,500,64,3,27.88
2006,500,7,1,43.51
